その他,その他,,赤ちゃんの本２冊　ハンドメイド,https://static-mercari-jp-web-imgtr.akamaized.net/thumb/photos/m425172764_1.jpg?1482198982,750
その他,その他,,布アイロンワッペン大量格安777円,https://static-mercari-jp-web-imgtr.akamaized.net/thumb/photos/m564217941_1.jpg?1482198975,12345
その他,その他,,ぶーちゃん様専用,https://static-mercari-jp-web-imgtr.akamaized.net/thumb/photos/m434151299_1.jpg?1482198948,9999
その他,その他,,新品 ピタット&コンセントキャップ12個入,https://static-mercari-jp-web-imgtr.akamaized.net/thumb/photos/m999717584_1.jpg?1482198877,555
その他,その他,,移動ポケット 男の子,https://static-mercari-jp-web-imgtr.akamaized.net/thumb/photos/m511403037_1.jpg?1482198866,650
その他,その他,,訂正印つき☆オーダー印鑑,https://static-mercari-jp-web-imgtr.akamaized.net/thumb/photos/m310662792_1.jpg?1482198779,1580
その他,その他,,★ピジョン ミルクローション★,https://static-mercari-jp-web-imgtr.akamaized.net/thumb/photos/m886787569_1.jpg?1482198731,380
その他,その他,,りんさま★15本,https://static-mercari-jp-web-imgtr.akamaized.net/thumb/photos/m883727992_1.jpg?1482198698,1222
その他,その他,,訂正印つき☆オーダー印鑑,https://static-mercari-jp-web-imgtr.akamaized.net/thumb/photos/m326586116_1.jpg?1482198602,1480
その他,その他,,三日月様専用！濃紺マフラー,https://static-mercari-jp-web-imgtr.akamaized.net/thumb/photos/m319681840_1.jpg?1482198554,2300
その他,その他,,ベルタ 葉酸,https://static-mercari-jp-web-imgtr.akamaized.net/thumb/photos/m544694209_1.jpg?1482198438,4000
その他,その他,,ピンクハウス刺繍バック,https://static-mercari-jp-web-imgtr.akamaized.net/thumb/photos/m866352485_1.jpg?1482198323,2500
その他,その他,,★キッズ   プロテクター★デニム,https://static-mercari-jp-web-imgtr.akamaized.net/thumb/photos/m558176627_1.jpg?1482198301,800
その他,その他,,新品 メゾピアノ ミニカイロケース,https://static-mercari-jp-web-imgtr.akamaized.net/thumb/photos/m681173260_1.jpg?1482198344,400
その他,その他,,確認用,https://static-mercari-jp-web-imgtr.akamaized.net/thumb/photos/m817698293_1.jpg?1482198264,120120
その他,その他,,水泳バック＊幼児、小中学生,https://static-mercari-jp-web-imgtr.akamaized.net/thumb/photos/m957654596_1.jpg?1482198134,500
その他,その他,,子ども印鑑作ります☆,https://static-mercari-jp-web-imgtr.akamaized.net/thumb/photos/m758395147_1.jpg?1482198125,998
その他,その他,,未使用くまさん バッグ ショルダー付き,https://static-mercari-jp-web-imgtr.akamaized.net/thumb/photos/m140747900_1.jpg?1482197819,3800
その他,その他,,新品未使用☆防災頭巾カバー ネイビー,https://static-mercari-jp-web-imgtr.akamaized.net/thumb/photos/m653544721_1.jpg?1482197698,899
その他,その他,,子育てハッピーアドバイス,https://static-mercari-jp-web-imgtr.akamaized.net/thumb/photos/m278876752_1.jpg?1482197517,333
その他,その他,,安全ロックセット,https://static-mercari-jp-web-imgtr.akamaized.net/thumb/photos/m728964234_1.jpg?1482197418,700
その他,その他,,キキララ様 ご確認用です,https://static-mercari-jp-web-imgtr.akamaized.net/thumb/photos/m322041473_1.jpg?1482197404,999999
